,0
TTGGATGGTATGGTTC-1,0.0
GAACACTTCAAGAGGC-1,0.3179996399422891
GTTAGACGTAGGCTGA-1,0.0
TCTATCACAGAAGTTA-1,0.0
CTCAGTCAGAATTGCA-1,0.22689894609371128
TATTCCAAGACTGGGT-1,0.1271540122051266
TTTATGCAGTTCTACG-1,0.0
TTCATGTTCCTCACTG-1,0.045524537817524406
CATTCATAGGCTGTAG-1,0.5335035107253511
CTCAGAAAGGCCTGCT-1,0.15486643833005706
AAGACTCGTATGAGAT-1,0.08710121731213309
TGCGACGAGGAAGTGA-1,0.004008181093241035
TATCTGTTCTATCGGA-1,0.0
TACTGCCGTGGTAATA-1,0.1862097248753366
CTACTATCAACGGGTA-1,0.4134317224484416
GCTTGGGTCAACCGAT-1,0.07752115442299895
GGATCTACAGTTCTAG-1,0.22238703084460762
TATCTTGAGTCCCGGT-1,0.0
CACTGAATCCAGCACG-1,0.0
TGTACAGTCCATTGCC-1,0.0
GCACATAAGGCGTTAG-1,0.1829196428003174
GTCTAGACACCGTGAC-1,0.0
CTCAGTCTCAATCGGT-1,0.2709350774546321
GACTCAAGTTGCCATA-1,0.0
ACAACCACACCAGCTG-1,0.013756835939640897
AGGTTACTCATAAGGA-1,0.20731471864882858
AACCTTTCATAAGATG-1,0.0
GCCAGTGAGCCTCAAT-1,0.0
TGCACGGTCGCAGATT-1,0.2699725749466974
TTGGTTTGTCCGATCG-1,0.7970779888878825
GACCGTGCAAGGTCGA-1,0.072061992037956
GTGAGTTTCTCTTAAC-1,0.06537447317996818
TACCTCGTCATCCTGC-1,0.16722250449462592
GGTCACGTCTTCCAGC-1,0.4249985426020895
GATAGAAAGAGCCTGA-1,0.19273258837940374
TGTAACGGTAGGAAAG-1,0.03505350171686024
CAAAGAAAGGCCTGCT-1,0.113962321053592
CTAAGTGCAAATTAGG-1,0.0
ATCCACCTCGCATAGT-1,0.17108614332847635
CGGGTCAGTACCCACG-1,0.0
CTGTAGACAACTGGTT-1,0.0
GAATCGTTCAAACCCA-1,0.0
GTAGGAGGTACTTGTG-1,0.20540498522988207
CCTACGTGTATGAGGC-1,0.13269206194301084
ATCCACCCACCTAAAC-1,0.518208334588095
CCTTTGGTCCAACTGA-1,0.0
ATTCCATGTTTGGCTA-1,0.0
GTGGCGTGTCAAATCC-1,0.0
GAGTGAGTCAGCGCAC-1,0.0
CGCCAGAGTCTTTCAT-1,0.0
AGGGTTTAGAACGCGT-1,0.0
CCACCATTCTATGTGG-1,0.0
TCAAGCAAGTCCCAGC-1,0.0
TGCAGGCCAATACCCA-1,0.27350602409221497
TGTACAGCATACCAGT-1,0.2377363486514166
TTTCAGTTCACCTGGG-1,0.0
GATGGAGTCCTGGCTT-1,0.038964798110643
TCGCTCAAGTAAAGCT-1,0.0658994856766305
TCATGTTCATATACCG-1,0.23186271605684627
GACCCAGGTAGACAGC-1,0.11765768149636668
TTACCGCCACTAGTAC-1,0.5671285861247896
TATTTCGCACCTCTGT-1,0.0
GATTCTTCAGGCTCTG-1,0.3964744080139499
CAGAGCCCATTCTTCA-1,0.38514519181044515
ACCAAACGTATACAGA-1,0.1362922845375217
CTGAGCGCACATAGCT-1,0.28156004403608326
ACAGGGAAGTAACGTA-1,0.23645335933097522
AAGGAATGTAACAGTA-1,0.1502156503423967
GGATGTTGTCGCGTCA-1,0.0
CACGTTCAGGAATGTT-1,0.4320476094053391
AGTTAGCGTAAGCAAT-1,0.07198061151516116
TGACCCTAGGAGACCT-1,0.3378503234374499
TGTCCACTCCTGCTAC-1,0.0
TACTGCCTCATCACCC-1,0.028312209862913773
CTACCCAAGGTGGGTT-1,0.07999605071437021
CTCAGTCCACTGTGAT-1,0.0
GATCACAGTACGGGAT-1,0.0
TGGGAGAAGCTCGGCT-1,0.0
ACTTTGTAGGTGATCG-1,0.0
AGTACCAAGAGCCTGA-1,0.06723307228392167
AGCTCAAAGAAGCCAC-1,0.4407419919967248
CAGCAGCGTACACTCA-1,0.20538379607132518
TTCCGGTGTAAGATAC-1,0.0
ATAGAGATCTGGGCCA-1,0.2363598879620216
GAGCTGCGTCCAACGC-1,0.0
AGGACGACAACCCTAA-1,0.0
GACATCACACCCTTGT-1,0.0
AAACGAACATACCACA-1,0.1196281792880241
GTGGCGTGTATCCCAA-1,0.26382978262077866
GTGGCGTGTGCATTTG-1,0.13597728269204937
ATAGGCTGTTCTCGTC-1,0.03791521641180476
GTCCACTCATAGATCC-1,0.17680416852116698
CTCCTCCGTCATACCA-1,0.3430686040880145
TTCTGTACATGAAAGT-1,0.0
CCATAAGCACGCTGAC-1,0.13352803591172582
CAGATTGCAAACGGCA-1,0.07990038310018723
TGTAGACAGTGCGTCC-1,0.0
CGGTCAGCAGTCACGC-1,0.0
TCAGTGAAGCATTGAA-1,0.08262765321279952
GAACACTTCAAGGTGG-1,0.22295568577354843
CTACGGGCAGCACAAG-1,0.4409980451014353
TCTCAGCCAGTCCGTG-1,0.2200307054202785
CGTCCATTCACTGAAC-1,0.22942375353627412
AGTTCGATCCTGATAG-1,0.0
TAGGAGGGTTCATCGA-1,0.0
TGGTACACACCGCTGA-1,0.0
AGGAAATCATGAAGGC-1,0.0
AGGGCTCAGTTTCGAC-1,0.0
CGCCAGAAGGCGATAC-1,0.0
CCGATCTCACGAAAGC-1,0.36032048688286883
TTCCTAATCTCCAAGA-1,0.2840381636205943
CTGCTCACATAGACTC-1,0.1396579479203829
GTCGTTCTCGCCTCTA-1,0.0
GTAATGCCAAATGGAT-1,0.10082595025510453
TAGTGCATCAGGTAAA-1,0.18565441706794736
GATTCGACATTGCTGA-1,0.0
ACTGTCCAGCACCGTC-1,0.0
ACCAACAGTAGCTCGC-1,0.0
CAGCCAGAGATCGGTG-1,0.0
TGCGGCACACACAGAG-1,0.1000142776582101
TGCACGGAGACGCAGT-1,0.0
CGTAGTAGTCAAGTTC-1,0.0
TTCCGTGGTCATTGCA-1,0.15841609466009787
GCCCGAAAGTTAGAAC-1,0.18630847660197494
GGATGTTAGCATTGAA-1,0.0
GGTGTTAAGTATAACG-1,0.0
TGCGGGTTCTGGAAGG-1,0.21957777988273322
ACATTTCCATCCGAAT-1,0.4507641352550229
GCACGTGCAGGCTATT-1,0.0
ATCGCCTTCGGACTTA-1,0.0
GAGTCATGTCTCAGAT-1,0.30271940104696987
AACTTCTGTCCCTGAG-1,0.0
AATTTCCCACGCTGTG-1,0.0
ACAGCCGCATACGCAT-1,0.30114896290081394
GGTTGTATCGACACTA-1,0.0
AGGAGGTGTACGACTT-1,0.0
CCTCTAGCAGTGTGCC-1,0.3244563885525092
GGGTTATGTACTCGTA-1,0.0
GAAGCCCGTGTTAACC-1,0.0
GGAACCCTCGAAGCCC-1,0.23239860477475494
CAGCAATGTAGGAGGG-1,0.0
CCTTCAGTCAGTCTTT-1,0.0
GATTGGTTCTAGTGTG-1,0.0
AGGTTGTAGGCATGGT-1,0.11965871912918562
CCCATTGAGCAGGTCA-1,0.0
CTCATTACAGTCGGTC-1,0.0
TGGAACTGTCGATTAC-1,0.14217484394237268
GACGCTGCACAACGTT-1,0.46498542577107876
CACACAATCCAATCTT-1,0.3335055083840033
TTTGGTTTCAACTACG-1,0.002671448568821367
GGACGTCTCAGTGTCA-1,0.0
GTATTTCAGGCGAACT-1,0.12619594353906186
CCGGACACATACGCAT-1,0.0
GGTTCTCCAGCCGGTT-1,0.06144793340713792
AGCGCCAAGCACGGAT-1,0.03361895716184028
GATAGCTTCAGGCGAA-1,0.0
GCCAGGTTCTATACGG-1,0.2845852725903763
TGCTCCATCGGTCATA-1,0.06315072045895515
CCACAAACAGCAGTCC-1,0.0
GTACAGTAGACTCATC-1,0.0
CCTAAGACACAATGAA-1,0.21784149701376168
AGGCATTAGATAGTGT-1,0.0
CATTGAGCACGCAGTC-1,0.0
AATCGACCACCCAAGC-1,0.0
TGGTGATCATAAGATG-1,0.0
GTTCATTTCTGCAGCG-1,0.0
GCTACAAAGATGAACT-1,0.082771846817512
GGAGGATTCATGAGTC-1,0.0
AACCAACGTACCCGAC-1,0.18985710415927867
GCTGGGTGTTAAGAAC-1,0.518136032564907
CAATCGAAGAATCTAG-1,0.0
TAATCTCGTATCAAGA-1,0.08293657551706103
TTGGGTAAGCGTTGTT-1,0.04692302545067609
ACGATGTAGGACACTG-1,0.0
CCTAACCCAATAGGGC-1,0.0
GCCCAGAAGAACTCCT-1,0.10078593992573143
GTCTACCAGACGCTCC-1,0.3011822324774564
CATTCTAGTAACCAGG-1,0.32499386924882134
CAAGACTCAATAGAGT-1,0.0797978673495206
CCACACTAGGATACAT-1,0.0
GGGACCTGTCCATACA-1,0.0
CGAAGTTCACATGTTG-1,0.21383161274704618
GGAGGATTCTCGTGGG-1,0.4718798621101777
CGTCCATTCATTTCCA-1,0.09457909855863983
CTCAGTCAGCACCAGA-1,0.0
CCGTTCAAGGAACTAT-1,0.0
TTGTTTGGTTGGAGAC-1,0.0
GTGTTAGAGACAGCTG-1,0.23829345924018352
TCATCATCATGGTACT-1,0.5752092597630706
TCATCCGCACTTCAAG-1,0.0
GTCTTTAAGGTAGCCA-1,0.2977876023932238
ATGTCCCGTGCCTATA-1,0.3451201743644276
GTCACGGAGTGTTCAC-1,0.0
GCACGGTTCTCGCAGG-1,0.0
ATGAAAGCAAGTGATA-1,0.0
GAGACTTGTGATACCT-1,0.0
ACTTAGGTCGCAACAT-1,0.02063586906463728
TAACGACGTTACTCAG-1,0.0
AGGGTTTGTCGAGCTC-1,0.21106853425039276
CTGCCTAAGTGTTCCA-1,0.0
TCCTCGACACTAGAGG-1,0.22459904383350046
GCATCTCAGCCTGTCG-1,0.21337913371483552
AGTAGCTGTATCTCGA-1,0.0
CATGCGGCAATTGTGC-1,0.0
AGTTCGAAGCTGGTGA-1,0.0
CCATCACTCCGAGTGC-1,0.0
TCTATCAGTTTGTTCT-1,0.10558709746000246
ATCCCTGCACATCCCT-1,0.4200337662450346
CCTGCATGTGGACTGA-1,0.22987621076405848
TGGTAGTGTGTACAGG-1,0.650728595991847
TCATTCACAAGACAAT-1,0.0
GAGACCCAGATTGACA-1,0.0
CAGGCCACAGCTGTCG-1,0.12007161246933895
AACCTGAGTCTAACTG-1,0.47853491090918077
GGCTTGGTCTGCGGGT-1,0.5380024035003615
CCGTTCACAACGGTAG-1,0.0
GTAGATCCACACCTGG-1,0.016257045771220262
TTAGGCAGTTTCTTAC-1,0.235395431751212
TACAACGTCTTGGATG-1,0.0
TCGACGGGTCGCAACC-1,0.0
TGGTTAGGTGAATATG-1,0.0
ACATTTCGTCTTCGAA-1,0.11423949655364775
TCAGCAAGTCCAAATC-1,0.0
ATTACTCCACCGCTGA-1,0.20135336130945006
AACGAAAAGATGACCG-1,0.09992538434363467
GCCTGTTAGAGTCAGC-1,0.3117589557082801
GAGTCATAGACTGAGC-1,0.0
GAACGTTTCTTGATTC-1,0.0
TCTATACGTGATACAA-1,0.05261026484038306
TCATACTTCACCTTGC-1,0.4441222984138389
AGTAGCTGTTCCGCTT-1,0.2784711481001408
AAGGAATCAGACCATT-1,0.0
GATGTTGCACCGTGGT-1,0.0
CAGGGCTGTGAGTTGG-1,0.0
TCCCACAAGTTCATCG-1,0.13437260623683855
TATCCTAAGGGCCTCT-1,0.4760694341240244
TCACACCGTTCGGTAT-1,0.04015216636130847
TCATACTAGGTTGGTG-1,0.6182633676215442
TGCAGATTCGTGGCGT-1,0.0
TGTAAGCGTCCACAGC-1,0.0
CTCTCGAGTCTGCCTT-1,0.549956933742566
ATGACCATCCGAAATC-1,0.13052870658379667
GTCTACCCAATGTCTG-1,0.0
TGGTACAGTCTGCCTT-1,0.0
ATTCAGGAGTAGGTTA-1,0.0
CCTTTGGGTTACACTG-1,0.0
AATAGAGCAACAGATA-1,0.0
CATCCACTCAAAGAAC-1,0.643835083666764
GTTTGGAGTGGTCTTA-1,0.040589967443603
GTGAGGAAGACCCTTA-1,0.0
CTCATCGTCCTTCTAA-1,0.43148656905719496
GCCAACGTCAAGTCGT-1,0.0
TGACCCTGTTAAGCAA-1,0.23428314810597492
TGGTACAAGCAAATCA-1,0.30247165596068293
TTGGGCGGTCTCGACG-1,0.2087619021497598
TTCCTAAGTTCGCGTG-1,0.0
AAAGGATTCAAAGCCT-1,0.0
GTTGCTCGTGCTATTG-1,0.06276593340815086
GGGATGACATCCAATG-1,0.625660234622185
GACCAATGTACAGAAT-1,0.3617438916191063
AAGGAATTCATCGCCT-1,0.3738208016980764
TGATGGTTCGTAACAC-1,0.0
GACGCTGCAAGTGGCA-1,0.42403566178763974
GTGACGCAGTCCTACA-1,0.06971064746224531
CAGAGCCCAGAGATGC-1,0.0
CTTCAATTCATGAGAA-1,0.014820067731854914
GGATGTTAGAAACCCG-1,0.16810748122637764
CCTATCGAGACCACGA-1,0.0
GCATCTCCATCATCCC-1,0.1274213773245539
CGCCAGAAGGGCAATC-1,0.0
CTGGACGTCAGGACAG-1,0.0
ATCGTCCTCTATCACT-1,0.0
ATCATTCGTGATAGTA-1,0.0
CGACAGCAGAGGTTTA-1,0.0
TTGAGTGAGTATAGGT-1,0.13372836062882096
TTTCCTCTCCGCACGA-1,0.17944392954103736
ACGATCAAGGAACGTC-1,0.0
GCATGATCAAGGTTGG-1,0.07913347092049842
TATCGCCTCCCGAACG-1,0.0
CGAATTGAGTAACCTC-1,0.0
GGGTCTGCAGAAGTGC-1,0.20412593627638845
CATGCCTTCTACCAGA-1,0.08740126787746622
GTGAGGAAGACTTGTC-1,0.0
TCGGTCTGTGTCCATA-1,0.0
GACCAATAGCGGTAGT-1,0.0
GATGGAGGTGCGACAA-1,0.05240297124165699
ACTTCCGTCAAGTAAG-1,0.0
GGCTGTGTCTCATAGG-1,0.7944171357412185
TGGTTAGCACACGTGC-1,0.0
CCTTTGGCAGTGACCC-1,0.36929444568563063
GATCAGTCATCCGGCA-1,0.1808582569431766
CCTCAGTCACCATAAC-1,0.0
AGACACTTCACCATCC-1,0.03559061379160978
TAGGGTTAGCAGGGAG-1,0.0
TTCTAACCACTTTATC-1,0.23736882780772486
GGGTGAAAGAACGCGT-1,0.30297252898595534
GACCTTCAGAAACTGT-1,0.16983171614225687
GTATTTCGTCAAAGAT-1,0.0
CTTGAGACATGCCGGT-1,0.2783050338665793
TTCATTGCACAACCGC-1,0.5134465465733544
TAGATCGAGCTATCCA-1,0.06818416668967694
GAAGTAATCGGAGTGA-1,0.33941667322281077
CCGGTAGCACCTCTGT-1,0.7483392710893259
TCGGGACCAGTGCCTG-1,0.4644061132876294
GAGTTTGAGCGTTGTT-1,0.1494807948785525
TGGGCGTAGAATAACC-1,0.0
GTCGTAACATCCGGCA-1,0.13576418284278463
TCGTCCATCCGCGATG-1,0.0
GTCCCATGTACGTACT-1,0.0
TCTAACTTCTAAGCCA-1,0.05491704427996097
CCGATGGCATGGCGCT-1,0.10628816285842213
TTCGCTGAGCGTGTCC-1,0.05536572829594505
TCATGGAAGAGTGAAG-1,0.11102439139304125
ACTTATCCAAATCAGA-1,0.0
TTGGTTTTCCCGTAAA-1,0.0
GTGTTCCGTATCGCGC-1,0.019221746783072157
CTCCTCCTCTTGCGCT-1,0.22479483187837357
CAGCGTGCAACGGCTC-1,0.026613164398802246
TATCTTGAGTAGTCAA-1,0.056340767934773266
TGGTTAGCAGACCTGC-1,0.3272472159117525
GGTAATCAGCCTCTGG-1,0.0
CACAGGCAGACGAAGA-1,0.33755172174790976
TGCAGGCCATGCCGAC-1,0.2245405784205502
TCAAGCACATATCTGG-1,0.0
CACCAAACAGACTGCC-1,0.777871829647592
TGAACGTTCTACGGTA-1,0.0
ATACTTCGTTGCATCA-1,0.0
AACCAACCAATCTCGA-1,0.1304735192050884
GCCAACGAGACTCGAG-1,0.31168294688223014
TCATTCAGTGCATACT-1,0.13451805218122528
ACCCAAAGTACTAACC-1,0.15275748905450762
TCACGCTCAATACAGA-1,0.0
TGCAGGCAGGGCAGGA-1,0.04128970411569401
AAAGTCCTCGCCGAAC-1,0.006996423586316407
TCCCACAGTCGTTGCG-1,0.39210732833545475
GATGCTATCGGTCTAA-1,0.3463542007925304
CATTGCCCAGATCATC-1,0.4261118368654295
CACCGTTAGGTTGTTC-1,0.0
CTCCCTCTCCATTTCA-1,0.22214679844537533
GGTGTTATCCGCTAGG-1,0.0
AAAGTGAGTCCCTGAG-1,0.4197045429243787
AGCTACAGTCCCAAAT-1,0.2112325183641032
GGGCTACGTTGTATGC-1,0.04855437676384169
GTTGCGGTCCATTTGT-1,0.38381505311382486
TGGGATTTCTACCACC-1,0.2753909567478426
GTGATGTTCCACTGAA-1,0.0
TGGAGGACATCATTGG-1,0.02050877070596353
AGGAATAGTGTATCCA-1,0.0930216239306202
ATCCGTCAGTCGGCAA-1,0.0
TTACAGGCACATACTG-1,0.04975298160827738
GTCTACCGTAGAGACC-1,0.44711137827551384
GTGTAACCATCAACCA-1,0.0
GGACGTCCAAACGGCA-1,0.24358771167565976
TACAACGTCACGAGGA-1,0.06744355663908362
GGAGCAAAGATAGGGA-1,0.0
CAGCGTGGTATTGACC-1,0.0
GAGTCATCAGAGAGGG-1,0.0
CACAACAAGGCGAAGG-1,0.0
CGGTCAGGTTAAAGTG-1,0.0
AGTACTGCACGCAAAG-1,0.4619445989793323
AGAAGTAGTGGAGAAA-1,0.3710324590301574
AGTGCCGAGAGTCAGC-1,0.22846570627247517
CTGTCGTCATCCAATG-1,0.0
CCGGTGAAGAATAACC-1,0.3583162470750098
AGTGACTGTTAAACAG-1,0.05715715085289488
ATCCACCAGTCCTGCG-1,0.0
CTGTATTAGAACAAGG-1,0.0
TGAGGTTAGCTTGTGT-1,0.11286846248727478
GGGTGTCAGGAGGTTC-1,0.0
CAGCAATGTAATTAGG-1,0.20443219506260446
AGGCCACTCAGAATAG-1,0.07884061855486203
CCTGTTGAGTGATAAC-1,0.5261993333869004
GACTGATAGGAAGTAG-1,0.1269081987829568
TACCTGCTCGATCCCT-1,0.04052669708593415
GTTAGACTCACTGTCC-1,0.23967691764207136
TCAGCCTAGCATGTTC-1,0.09940335885811803
TTCACCGGTGAATGAT-1,0.2324267107503005
AAGTACCTCTTTCCAA-1,0.35286576467006253
GGTAACTAGTGCACAG-1,0.11569626333037496
TGTACAGTCTCGACGG-1,0.7799040854777083
TCGGGACCATTCAGCA-1,0.05527648085379363
TGGGAGAGTTGTGTTG-1,0.0
GCGTGCATCCCTCTCC-1,0.1147099210427982
CCGGGTATCTGCAGCG-1,0.9493942547582344
ACGTACAAGGGCTGAT-1,0.0
TCAATTCAGCTCTGTA-1,0.17006063169008248
CATGGATAGTAGCAAT-1,0.0
TTGCGTCAGACAACAT-1,0.0
AGGGAGTAGGCATGGT-1,0.01339980404521357
CTCAGGGAGCAATAGT-1,0.0
GTGGTTAAGAGAGCCT-1,0.0
GTCGTTCCACACCGCA-1,0.0
TGGGCGTAGACCTGGA-1,0.043476609540122224
GACCGTGTCAAGTAAG-1,0.00420512131983701
TTCACGCCAATGTCAC-1,0.29863383107842906
ACGGGTCGTGTACGCC-1,0.0
GACCCAGGTCTCTCAC-1,0.0
TCGACCTTCTTCGTGC-1,0.16347681867226285
ACATCGATCAATCCAG-1,0.0
CAAGGGAAGTCTAGCT-1,0.0
TTGCATTCAGTGCGCT-1,0.0
AGACCCGCATCGATCA-1,0.0
TCACAAGCAGACGCTC-1,0.12257423837166231
GTGGGAATCCGGTTCT-1,0.12991363883380613
ATCTCTAGTCCGAAGA-1,0.0
TGTTCCGTCACACCGG-1,0.014942138191121985
TCCTAATGTACGATCT-1,0.0
ACTTTCAGTTCAAAGA-1,0.09450099965762682
CGGCAGTAGACGCCAA-1,0.0
TGCTCCACAGAGCTAG-1,0.0
TAAGCGTGTCGCTGCA-1,0.0
ATCGTCCAGAGCTGCA-1,0.0
CTCCACAGTTGGGAAC-1,0.0
GCTGGGTCAGCTGTTA-1,0.0
AGCGTATTCCCGAACG-1,0.0
ACTACGACATTGAAGA-1,0.21975435174590605
ACCTGAATCGGCAGTC-1,0.11028934805475604
GTAATGCAGGCTCTCG-1,0.0
GAGTTTGGTACCTTCC-1,0.0
TCATGGATCTCTGAGA-1,0.0
CGTCAAACATGAAGCG-1,0.0
AGGGCCTGTAAGGCTG-1,0.11195338104799772
GGAGAACGTTGCTGAT-1,0.0
CCGATGGTCGGATACT-1,0.0
CTGTCGTAGTAAAGCT-1,0.0
CTCAATTTCGAGAACG-1,0.20409156009581828
TATATCCTCCAGCCTT-1,0.0
AAACGAACAGAGATTA-1,0.0
TTGACCCCAGCTGTGC-1,0.13809931776402265
CAAGCTATCATCTCTA-1,0.19725476273682432
CAACGATAGTAACAGT-1,0.0
ACTTTCACACCGTCGA-1,0.15619750183858297
GCGGATCAGCTTCATG-1,0.0
TGTAACGGTTAGGCCC-1,0.0
TCGGGCATCGAACCTA-1,0.2209630531393916
CGTGATATCGAGAACG-1,0.0
GTTCTATAGAAACTGT-1,0.0
CATAAGCAGACTTCCA-1,0.2978905392097078
TGACTCCAGACCTGGA-1,0.08306021088987618
TCAAGACAGCGTCGAA-1,0.0
AGATGAATCCACAAGT-1,0.011922064945165933
TTGAGTGTCCTTATAC-1,0.0
AACGGGACACTCCTTG-1,0.0
CACTTCGAGAGGTTTA-1,0.0
CATTGTTTCGCTACAA-1,0.24753651504138052
CACACAAAGAAACACT-1,0.0
AGGTTGTTCCGCACGA-1,0.06536508736498968
ACCTGAATCATGGAGG-1,0.13655330632801305
AGGACTTGTGGCTACC-1,0.0
ACCAAACCACTTGGCG-1,0.11921062523574298
CTCTGGTCAGGTATGG-1,0.538681383745813
TCAGCAAGTCGCATTA-1,0.33055701948901495
GTTCCGTCAGAGTAAT-1,0.0
AGATCGTCAGACCAAG-1,0.0
GATAGCTAGAGATCGC-1,0.0
GTTACGACAACCGGAA-1,0.0
TCTTTGATCGGATTAC-1,0.03276591162021152
AAGACAAGTAGCGCCT-1,0.1607358602232076
TCACTATTCGCGTAGC-1,0.10908140492553808
GCCAACGTCACGACTA-1,0.0
GGGAGATAGCATGCAG-1,0.0
CGGAGAATCAGAATAG-1,0.47320847622427514
TGTGTGAGTCAGGTGA-1,0.0
CAAGCTATCTCGGCTT-1,0.0
TACTTACCATTGGCAT-1,0.1451857426156379
TCTCTGGAGTCCGTCG-1,0.04414607422092612
TTACGCCGTAAGTTGA-1,0.2849214471565664
AGCGCCACATGGGATG-1,0.0
AGACACTAGCATGGGT-1,0.0
CTGCGAGGTAGAATAC-1,0.004849889227565051
TCCCAGTGTGTTCCAA-1,0.0
TATTCCAAGTGTACAA-1,0.040438350153481774
GTCACTCTCATTTGGG-1,0.0
TTATTGCCATGTAACC-1,0.0
CATTCCGAGCACTAGG-1,0.44841085797501945
TTTGGAGAGTCGCCCA-1,0.0
TAAGTCGTCCAACCAA-1,0.0
ACTTCCGAGGACGGAG-1,0.28289711719070565
TCCTAATCATTGTACG-1,0.0
CCGAACGGTTTCCATT-1,0.0
TGCAGTAGTGGTTCTA-1,0.4031984873645562
CCACCATGTTGGTGTT-1,0.109749295932437
TTTGATCCAACACAAA-1,0.0
CTAACCCGTCCAGTTA-1,0.25485057903593644
CAGCCAGGTGGAGAAA-1,0.0
CAAGACTGTTGGTAGG-1,0.027427973218464064
CATAAGCAGGAGGTTC-1,0.0
AAGACTCGTCCTGTTC-1,0.0
GGGTTTAGTCTCAAGT-1,0.25820860934545337
GGATCTACACTGTGAT-1,0.2784191813377663
ACAGGGAAGGTCACCC-1,0.2685718755750316
TCTTCCTTCTAGCCTC-1,0.3152779727383137
CGCATGGTCGGTTAGT-1,0.0
CCCTCAACATATCGGT-1,0.18396490903895377
ATGAAAGGTACGTACT-1,0.0
CATTCTAAGTAGGAAG-1,0.0
GGTTGTAAGTATCCTG-1,0.08185667716714518
ATACCGAGTGGAAATT-1,0.0
ATTCACTGTCAAATCC-1,0.3429787692591087
TAACCAGTCCCTTTGG-1,0.17382002305186114
TGATCTTGTCCCGTGA-1,0.0
TCTCTGGTCGTTGTGA-1,0.0
GACCAATAGTCATACC-1,0.2413777276538834
GTGCTTCCACAATGTC-1,0.0
CAGTTCCTCAGGACAG-1,0.0
CCGGTGATCTCACCCA-1,0.09251413401811236
GAGTTTGAGCAAGCCA-1,0.2656593817744556
AAGTACCGTATCCCAA-1,0.0
AAAGGGCTCTCACCCA-1,0.0
GAGGGTAAGGACAGTC-1,0.09956154544102173
TGGATGTTCGCCTTTG-1,0.013737305094472648
TGATCAGAGACGACGT-1,0.0
TCAGTCCCACTTGACA-1,0.6254761804830167
CCTCACATCCACTGAA-1,0.5845680649033986
CTCAGGGAGTAATCCC-1,0.0
AATCACGTCTGTGCGG-1,0.21751868993614878
GTCGAATTCGTGCATA-1,0.0
ATGTCCCAGGGTAGCT-1,0.011305800371932075
CAACCTCGTGCCTTTC-1,0.37973636176896264
ACAGCCGTCGCTGACG-1,0.12287988620719235
GTTGAACGTCTACGTA-1,0.0
GTAATCGAGACTGTTC-1,0.0
CCTACGTTCAAACCTG-1,0.3077471583589286
CACTGTCGTTCAGGTT-1,0.040816787822489355
TAGGTTGTCCACGGGT-1,0.6172683981522361
ACGTAGTGTATCTCTT-1,0.0
TTACGCCGTCGTGGTC-1,0.0
TCTGTCGTCGTTGTTT-1,0.0
CTCTCAGCAATTGAGA-1,0.17709842063221923
GAATCGTCAGAGTCAG-1,0.0
TTTGACTGTTCCATTT-1,0.012238098807360792
ATGAGGGGTAGAGATT-1,0.05010209494584541
TAATTCCTCCCACAGG-1,0.25071351800991853
TTGGGATTCTATCACT-1,0.026494678200147944
CTCCCTCAGCGTGAAC-1,0.0
AACCTTTAGCTGTGCC-1,0.0
CTGAGCGGTCATGGCC-1,0.14763224480654583
CTTACCGGTGAGGATC-1,0.0
GTAGATCCACGACAGA-1,0.0
CCAATTTCAGGTATGG-1,0.4004258904500364
CTCATCGAGAGTGAAG-1,0.01545368572666421
GCCCAGATCCATAAGC-1,0.2637398502390184
ATTACTCTCATCAGTG-1,0.0
ACCATTTGTCCAGAAG-1,0.0
GCAGGCTAGCCTCGTG-1,0.23429507593681095
GAAGCGATCGACCCAG-1,0.0
TCACGGGAGCGTCTGC-1,0.0
CGGAACCCACAATGTC-1,0.0
GATGATCCAAGTGATA-1,0.0
ACCTGAACAAACCACT-1,0.0
TTACCGCAGTTCGGTT-1,0.0
TAGGAGGTCTGGACCG-1,0.030280071459397522
TGCAGTAAGCATGATA-1,0.37697018404663396
CTCAACCGTGAATATG-1,0.30444016790421985
GATGCTAAGACAACAT-1,0.4931665930439144
ACAGCCGCATGGCACC-1,0.6601284275994156
CATGCGGCACATTCGA-1,0.6374723182410271
GGACGTCAGCGTGCCT-1,0.3246385364608079
TCTCACGAGCGACATG-1,0.07807868174246023
GTAATGCGTGTGATGG-1,0.15992180124075034
GCTTTCGGTATCGCGC-1,0.0
TTGTTTGGTACGCGTC-1,0.0
GCCGTGAGTCCATACA-1,0.3175601195330682
AGGATCTTCCGAGAAG-1,0.10520030812350632
TACCGAATCCATCCGT-1,0.1096453971327508
ATTCGTTAGCCTAGGA-1,0.029726183216201907
ACGTACATCTGGGCAC-1,0.030347693934746456
CTTCTAATCCAAAGGG-1,0.4052825488017868
GACTATGCAGCGCGTT-1,0.24720878879259678
CGGGTGTCATTCACAG-1,0.0
AGTCATGAGGAGCAAA-1,0.0
TACCCGTGTATCACGT-1,0.0
CCGGGTACACTGATTG-1,0.257596255396167
TGGTACAAGTTGGGAC-1,0.37562358702737336
GGTGGCTCATCAGCAT-1,0.09867338239422624
AGTTCGATCTGGACTA-1,0.0
GGGTCACAGCTCTATG-1,0.0
ATTCATCAGACCTTTG-1,0.1282873311082204
CCTGTTGGTGCTCTCT-1,0.10324539134407341
AAGGTAAGTTCAGGTT-1,0.2084261352888976
GAGAAATCATCCCACT-1,0.0
GATAGAAAGACTCAAA-1,0.3685196681195397
TTGGGCGTCGATGGAG-1,0.0
TAGACCAGTTACGTAC-1,0.05707460615572144
CGAAGGAAGAAGGATG-1,0.10242008304763438
TCAATTCTCTTACTGT-1,0.0
CGAGTGCAGACTACCT-1,0.0
AACAAAGGTAATTAGG-1,0.0
CATACAGGTTCTCTCG-1,0.0
CAGTTCCGTTCGGCCA-1,0.02095693919709923
CGATGCGGTCCGGTCA-1,0.0
CAGCAGCCACGTCTCT-1,0.2012739009199781
TGGATGTTCGGATAAA-1,0.0
GCTTGGGAGCGTCAGA-1,0.0
CATACCCAGCGTCAGA-1,0.16047331472267684
CTCATGCAGATTGAGT-1,0.06819860212351704
CGTTGGGCATTCAGGT-1,0.0
CTAACCCTCACGACTA-1,0.0
TCACGGGAGCGCCCAT-1,0.27335084812313826
TGGAGGATCGTGTGAT-1,0.1933714355834096
TGCCGAGTCGAACGGA-1,0.5538343385427726
GTTCGCTGTGTGTGGA-1,0.0
ACTGTGATCGTCGATA-1,0.24462219766768575
ACCGTTCCAGTAACGG-1,0.0
CAGCCAGAGGCGTTAG-1,0.0
TCACGGGTCTTCTCAA-1,0.029251693250225554
ATCACTTCATAATGCC-1,0.19382796776351688
CACTAAGTCGACGATT-1,0.0
GCCGTGATCCATCACC-1,0.0
ACTGCAAGTCTGCATA-1,0.004154169960707573
AGGCCACCACGTCTCT-1,0.0
GACACGCTCGGAGTAG-1,0.0
CAAGCTAAGCGAGTCA-1,0.17342797115829622
GTCACGGGTGCGTTTA-1,0.15418573128357352
GTTCCGTCAAGAATGT-1,0.287570031983797
CGGCAGTTCATGCAGT-1,0.016095292385680655
TAAGTCGTCACTTCTA-1,0.21832863791233661
GGGACAATCGGTCTAA-1,0.11389153801565782
ACAACCAGTCCTGGTG-1,0.20727135180200598
CCAATTTAGCGACTGA-1,0.0
CAGCGTGTCATGAGGG-1,0.7976337909197597
ATCACAGGTTGGATCT-1,0.1661708294267424
GAAGCCCAGCTGCCAC-1,0.0
GATCCCTAGTTCATCG-1,0.0021816610221705494
TCAGTTTGTAACTAAG-1,0.0
ATTCCATAGGCCACTC-1,0.0
ATTCTACAGTTGGCTT-1,0.229260021568355
TTCTAACGTGAGCAGT-1,0.14621905931358387
TCCTTTCGTCTCCCTA-1,0.6835757427962516
TCTAACTTCTGGAAGG-1,0.12685402893896422
CCACCATTCGTGGGAA-1,0.0
CAAGACTAGCAGCCTC-1,0.0
CTGTACCCACCATAAC-1,0.16544768751318553
CTCCCTCCACCGAATT-1,0.039673968953848886
GATTTCTTCTCCGATC-1,0.34363339784298486
TAACACGTCCCATGGG-1,0.07962396165563224
TGGTTAGCAACCCTCT-1,0.057193627389198386
TCTAACTGTGCTGTCG-1,0.0
TGACTCCCATCCCGTT-1,0.16425668472866867
TCGGGACTCATTATCC-1,0.17054084021840113
TTGACCCCAGTTTCAG-1,0.30852872780566926
TCGTGGGAGAGTCCGA-1,0.0
CAACGGCCACATGAAA-1,0.0
CCCTCTCGTAGGTGCA-1,0.0
CCAATTTCAATGGCCC-1,0.026701875357282318
AGGGCTCAGTCATTGC-1,0.0
GACTCTCCATAACGGG-1,0.0
TGGGCTGTCGAATGCT-1,0.07432451484669965
GTGTGGCGTAGACGTG-1,0.06449215426114989
CTGAATGAGCCTAACT-1,0.0
ACGTAGTCAACGGCCT-1,0.6099312744861413
ATGTCTTAGCCGCTTG-1,0.0
GAATCACGTGTCACAT-1,0.0
TGCAGATGTCACAATC-1,0.0
CTAGACAAGACCAAGC-1,0.01934673415210549
CCACACTGTACGTGAG-1,0.14088165181671863
GGAAGTGGTCAACACT-1,0.0
ATGATCGAGTGTACCT-1,0.3559731373826791
TTACCGCAGTTGCTCA-1,0.0
CTTCAATCACGTACTA-1,0.45283627941128074
CAAGACTTCGTAGTCA-1,0.0
GGCGTCATCCCATACC-1,0.1438857044126882
CCTCTCCAGGAACTCG-1,0.0
GCACGGTGTCTACATG-1,0.16358480191231525
ACGGAAGAGGGACCAT-1,0.0
CAGCGTGAGCATCTTG-1,0.027526417119578945
GTTTACTGTTCGGCGT-1,0.0
GAGACTTCATGCAGGA-1,0.0
TTCTAGTGTCGAGTTT-1,0.1361081712644213
CTACGGGAGGGCGAAG-1,0.0
GCCATTCTCAGAGTGG-1,0.0
GTGCACGTCCATAAGC-1,0.0
CCTCTCCTCGGCAGTC-1,0.3900874541678516
GAGGCCTCAAGTCCAT-1,0.0
TGGTGATGTCATAAAG-1,0.08282887243463034
AATGGAACACCAATTG-1,0.05624150098647834
GAGTGAGAGTAAGGGA-1,0.09656460126599394
ATCAGGTGTGGCTTGC-1,0.0
TTTACGTTCCGGACGT-1,0.0
TCTACATAGGAAAGTG-1,0.0
TGACTCCGTGCGTGCT-1,0.07157049287823054
CGTAATGTCCATCACC-1,0.0
GCGGATCAGGTCGTAG-1,0.0
CACCAAATCATGGCCG-1,0.28750328880815484
CCCGGAAGTGGTATGG-1,0.0
ATCACGAAGGTCGTGA-1,0.15245220820121644
CATCCCAGTTAGTTCG-1,0.15356732543820775
CAATACGGTAGGGTAC-1,0.22227857330244258
TCCTCGACATGTTACG-1,0.052321519920402314
CTTACCGGTGCCTGCA-1,0.0
AGCTTCCGTATTTCGG-1,0.08828216978983111
GCAACCGAGCGCCCAT-1,0.07778491517697751
ACCTGTCAGCTGACTT-1,0.1910277007291127
TACGTCCGTCTACGTA-1,0.2607668810705145
GAAGAATTCGTTCCTG-1,0.0
TTCTCTCCACCATAAC-1,0.7256576533177715
GTGGAAGTCCTCCACA-1,0.0
CCTCAACTCGCGTGAC-1,0.25004182405109
CGGGACTTCTGCGGCA-1,0.0
ATACCGACACAATGCT-1,0.27015047947470794
ATTGGGTAGCATCCCG-1,0.0
GTGTGGCAGCGTGCCT-1,0.0
AAGGTAAAGCACGTCC-1,0.2666510072817588
TCGAAGTCAATCGAAA-1,0.152432705149335
CTAGGTATCATTGCCC-1,0.1283973739027313
CATTCTAGTGAGCGAT-1,0.0
CTACGGGTCTCATTGT-1,0.0
CTGCGAGGTTTCGACA-1,0.15065300179483243
AGCATCAAGCGAAACC-1,0.0
GTCTGTCCATTCACCC-1,0.09081551535730549
CTTTCAAAGGCTAGCA-1,0.0
CTCCATGGTACTGCGC-1,0.08308507138156251
TAGCACATCGGACCAC-1,0.15541080497734325
CCCTAACAGGCACGAT-1,0.15230733772995447
CTGCGAGTCGATAACC-1,0.0
AGCGCCATCCGTGTGG-1,0.18286681348736486
ATCGTCCTCCAGCCTT-1,0.2578092110223604
GAGATGGCAAATCGTC-1,0.03063224319110956
GAAATGACATGGAACG-1,0.3201541827120997
AGGTCTAAGCAGTACG-1,0.0
CGGACACGTTCGGCCA-1,0.11753963736804202
GATCGTACATGACTAC-1,0.3498977687198914
ATTCATCCAATCGCCG-1,0.14239194557076593
AAGGTAAAGGTCGACA-1,0.426749672206224
CCAAGCGCAGTGCCTG-1,0.0
GCAGTTAGTGCATGTT-1,0.0
TCATACTTCCTCACGT-1,0.050406264208958336
CAAGGGATCTCGTCAC-1,0.08748717904779361
GAAGGACAGCTCTATG-1,0.39293808448542017
TTCTCTCGTACGATCT-1,0.40197535330193856
TGGGAGACAGCGATTT-1,0.11340738887721241
TGTGTGACAAGGCCTC-1,0.008998327014497182
CGGGCATCAAGAGGCT-1,0.0
AGTCAACGTAACAGGC-1,0.0
CTATAGGAGACGCCCT-1,0.0
TCACAAGAGTGGATTA-1,0.0
TCCATCGGTTGTTGCA-1,0.0
CTAGGTAAGAAACACT-1,0.16240037558633338
TCTGCCATCCGAGCTG-1,0.19631405789396342
CCGTAGGGTGTCGCTG-1,0.14213878877268157
GGTAGAGAGCGTTAGG-1,0.32534674254165613
CAACCAAGTGCAATGG-1,0.10181570452562023
GAAGCCCCAAGTGGGT-1,0.0
CCTTGTGGTAGACAAT-1,0.0
CAGTTCCGTAGGCTGA-1,0.025698991176683155
CTACATTCACGCTGAC-1,0.32250397276959775
GTTAGACTCAATCGGT-1,0.0
GAAGAATGTTGTGCAT-1,0.3182896944430725
CGGGTCAGTCCTGGGT-1,0.12344851950720764
GTCCCATCAATGAACA-1,0.0
TAAGCGTAGGACGCTA-1,0.0
TCATGTTAGCGACATG-1,0.25960338586069964
GTTGTAGAGGCAGCTA-1,0.1976883494173679
CCTCACAAGGAAGTCC-1,0.0
AAAGGATAGCGTTACT-1,0.014508658913253767
AGTCATGGTACGCTAT-1,0.0
CCTCCAAAGGGCGAAG-1,0.06495351963051287
AGTACTGGTGATAGTA-1,0.035782001703304575
CCGGTGATCATCTATC-1,0.1595149244525473
ACTATGGCAGTTACCA-1,0.11809780909405705
GAGACCCAGATGGGCT-1,0.0
TTCTTGACAACCCTAA-1,0.0
AACCTTTAGGAGCAAA-1,0.0
CAGATACCAGCTCTGG-1,0.0
GCTACCTAGTGGATAT-1,0.9311680525262078
CCCTAACGTGCATGTT-1,0.44134410452388756
CAGGCCAGTATCGCAT-1,0.43231480397204813
TAAGCACAGTGGCCTC-1,0.42707106226186736
TCACATTTCCAGTGTA-1,0.4177711035968266
TGCATCCTCGGCATTA-1,0.0
TCGTAGAGTTGTTGCA-1,0.0
AGCTCAAGTCACCGCA-1,0.17129068978616832
GACTCAAGTCGCAACC-1,0.5132233169643413
GTAATGCAGTTTCTTC-1,0.0
TCTCTGGTCACCACAA-1,0.0
AAACCCAAGGACTAAT-1,0.13513076643626623
CAATGACAGGAGTACC-1,0.6383478568675517
CTCCCAAGTACTAACC-1,0.15923185084072194
ATTCCTAGTGTGTGGA-1,0.18693359764937678
CTCAATTGTCGCCACA-1,0.23444752771661556
AGAAGCGCAGGTGAGT-1,0.0
TTTGGTTTCGAGAATA-1,0.0875693003885119
CAACCTCCATCTCATT-1,0.4273188005314039
AGTTCGAGTTGCGAAG-1,0.0
CTGCCATTCCGATGCG-1,0.0
TGGAACTCAGAAGCGT-1,0.0
GTAGGAGAGCACTTTG-1,0.0
TGCTTCGGTTAGAAAC-1,0.09390956306088576
TCCTCTTAGAGGATCC-1,0.09089057773488551
TCTTGCGGTGATTAGA-1,0.0
TGATTTCGTTGAAGTA-1,0.32459677471826204
CTAGACATCGCGATCG-1,0.22952843118441688
TGAATCGAGGCACAAC-1,0.3218135579200752
TCTTGCGCATCATGAC-1,0.0
TCTATACCAAGTTCCA-1,0.1586598081630905
AGTAACCTCAAGCGTT-1,0.0
ATCCCTGAGAGATCGC-1,0.0
CGTTCTGAGTTGGGAC-1,0.0
AGCATCAGTACAGAAT-1,0.14479135188043218
TATTGGGTCACTGAAC-1,0.15603983319039802
TTTGACTGTGCATCTA-1,0.1191275830651643
GTTCATTTCGTAACCA-1,0.0
TAACACGTCCTATGGA-1,0.0
AAAGGGCTCGCCGATG-1,0.0
CATCGGGTCGAAGCAG-1,0.0
GACGCTGCATTCGATG-1,0.08761175084319926
AATGACCTCTGTGTGA-1,0.0
ATTCCATTCCCTCTCC-1,0.0
CGTAATGAGCAATTAG-1,0.0
GCTACCTAGGCAGCTA-1,0.03695067747798037
CGAGGCTTCCAGCCTT-1,0.31618635364765846
ATTCATCAGGAGGTTC-1,0.0
CGGGTCACAGCCTATA-1,0.0
ATGACCAGTATCAGCT-1,0.07488096141215887
CCAATGAAGAGAGCCT-1,0.03344978728095024
ACGTAGTCATAATGCC-1,0.0
CACAGGCGTCGTCAGC-1,0.0
TGCATCCGTTCAATCG-1,0.29735289926500724
GTCCCATCAAAGCTCT-1,0.12859712864984324
ACACGCGAGTAACCTC-1,0.2657618927924359
TGTTCTAAGCAGCCCT-1,0.06328190886364354
CTGTATTGTCGAGATG-1,0.8895556911941003
TTCCTTCTCCTATTGT-1,0.1641435418493525
TATCGCCCATGACGAG-1,0.0
CCGGTGACACAATGAA-1,0.0
CTCCCTCCACACCTTC-1,0.002682209034329313
AGTGACTTCTCGTCGT-1,0.04439417018823682
GTCATCCGTCAGATTC-1,0.241389568366968
CCGGACAGTTCCTTGC-1,0.0
TGGATCACAGGTTCAT-1,0.0
ATTCCTAGTCGGAAAC-1,0.0
ACCAACAAGAACGTGC-1,0.0
TCAAGACAGGCCCAAA-1,0.09525166926822455
ACGGTTAGTGTCTTCC-1,0.14946534818762264
CAGCAATAGAGCCGTA-1,0.0
CCGATGGAGGTAGGCT-1,0.0
TCATTCATCCATTTGT-1,0.6596514487666821
GTGTGGCAGTCGAAGC-1,0.0
TCACACCCATACAGAA-1,0.13266393498230736
ATACTTCTCCATCGTC-1,0.0
TAAGCGTCAGAGTTCT-1,0.0
CGGGCATCACGGCTAC-1,0.0
AGTCATGGTATACGGG-1,0.0
AGGTCTACAGAACTCT-1,0.0
GTTGTGAGTCGGAAAC-1,0.0
TGTTCCGGTGATTCTG-1,0.0
TGTTTGTTCTTCTCAA-1,0.11441110558496553
ACTTCCGCAGGGAGAG-1,0.11802302291930201
ACCTGAACACTTGTGA-1,0.0
GTCGAATAGCCACCGT-1,0.0
TGATGCAAGCATAGGC-1,0.0
GACTGATGTCGTGTTA-1,0.02988182618567505
TGGATCAGTCGTCAGC-1,0.0
GATCAGTTCGGCTTCT-1,0.15157355982647427
CTGTCGTGTTCGTACA-1,0.0
GCTACAAAGAGTCACG-1,0.3224394513142736
TGTAGACAGCTTCGTA-1,0.0
CATGCGGTCATAAGGA-1,0.0
TGAGCATTCCCTGTTG-1,0.09363051613050971
TATTCCATCTCTGACC-1,0.26609236805499126
TAATCTCGTCCAACGC-1,0.18127689153757712
GGCTTGGCATGACTCA-1,0.025751984027582
GCCTGTTTCCGACATA-1,0.0
AGCCACGCATCGTGGC-1,0.3239331634836781
AAAGAACTCGTTCATT-1,0.0
GACTCAATCTGTACAG-1,0.5452454757441396
CTACTATAGCGAGGAG-1,0.13103963984827235
TTCGATTCATCGAAGG-1,0.0
GATCGTAGTGTGTGTT-1,0.0
CGCAGGTCAACAGTGG-1,0.12829473697671825
TCACGCTAGATCCAAA-1,0.35508543572557955
AGGTCATCAACTCGTA-1,0.0
CCCTGATGTGGCTGCT-1,0.4020476500242729
GCCTGTTTCCCTCGAT-1,0.44548307927169634
TCAATTCTCTTGGGCG-1,0.06663887866429297
CTATCTAGTCATCCGG-1,0.07515292828891308
CCAAGCGAGAATCCCT-1,0.00915056708893836
CCTCATGAGTCGGCCT-1,0.2665721701122996
ACTGTCCCAACCACAT-1,0.279560328211161
AGTCATGAGACTTCAC-1,0.0
TCCTCTTAGGCGTCCT-1,0.410619885954119
ACAGAAAAGACTCTAC-1,0.5671170979514912
TCCTCGAGTGTCCCTT-1,0.0
GCGGAAACACTCCCTA-1,0.0
TCATCCGAGTGCGCTC-1,0.0
GTGAGGAGTTGCTCAA-1,0.0
GCCAGTGGTATCTCGA-1,0.17440279600608433
ATTTACCCATCCCGTT-1,0.23041643103712128
TTCCTAACAGAACCGA-1,0.011076884141948682
CTGTAGATCCGACGGT-1,0.07914849268632168
AGTGATCTCTATCGGA-1,0.0
CAAAGAACATCGTCCT-1,0.08260167922893903
GGGTATTTCACGGAGA-1,0.0
CATGGTAAGTTCAACC-1,0.33822598087200323
CATCGTCCATTACTCT-1,0.0
TATCGCCAGAAACCAT-1,0.04933341892276546
CCGGGTAGTGTGTCCG-1,0.0
CCACCATGTTCAACGT-1,0.39672448879880434
CCCATTGCATGACTAC-1,0.22276013721597773
TTCTTCCAGGGATCAC-1,0.6572919824941875
CCCTTAGTCTTAGCCC-1,0.24860127417869995
CATACAGAGCCTCTCT-1,0.42248382501983817
CGGACACCAACTCGAT-1,0.2053086305330509
TACATTCCAAAGCAAT-1,0.5504193687955233
TTGCTGCTCAGCACCG-1,0.15101162497653423
GTAATGCAGGCGTTAG-1,0.0
GAGTGAGAGTATGGCG-1,0.062481335795547044
GTCTTTAAGTTCACTG-1,0.0
CAATCGACAGTAGAAT-1,0.0
GAATAGAAGCACCAGA-1,0.0
TGCATGAAGACTCGAG-1,0.0
CATCGTCAGGTTAAAC-1,0.0
ATCAGGTGTTTACTGG-1,0.18243263947735053
TATTCCATCTTCACAT-1,0.18989900796376138
CGAGTTAGTCTAATCG-1,0.0
CAGCACGGTTTGGGAG-1,0.0
AGACACTCACGGTGTC-1,0.0
GGGACAAAGGCATGGT-1,0.0
CAACGGCTCAAGCCGC-1,0.0
CAGTGCGGTGGAGAAA-1,0.0
GTGGAAGAGTGGTGAC-1,0.0
CTGTGGGTCGTTCTCG-1,0.0
GATCATGGTATGAAGT-1,0.1414649828467908
TCGCTTGCATGACTGT-1,0.0
GTGTGGCAGTCAACAA-1,0.0
CTACATTTCAGGAAGC-1,0.0
ACTTTCATCTCCTGTG-1,0.28389754214242896
ATGATCGCAAGATGTA-1,0.16945506096155014
AAATGGAGTAGGAGTC-1,0.0
CCCGGAAGTAGAAACT-1,0.1214987094857517
TTACTGTTCCGACGGT-1,0.4695397427545777
ATTCACTTCCGACAGC-1,0.12927506208431253
TTCAATCCAAGCGATG-1,0.0
ATACCGACAATGAGCG-1,0.13650377598588664
ACCCAAACATATAGCC-1,0.19076821672160002
TCATTCACAGGCATGA-1,0.21699771753493083
TTCCTCTTCTTGGATG-1,0.10191970788715282
GGACGTCTCTCTATGT-1,0.0
TAGATCGTCCATGAGT-1,0.0
TCACAAGTCGTAGGGA-1,0.5007003457341935
ACCATTTCACGTAACT-1,0.03374802705935073
TACGTCCCAACCACGC-1,0.08878507210001417
GAGTTACGTTAGGCCC-1,0.88696548161652
CAACAACGTTCCAGGC-1,0.35523457223349797
GACTTCCAGTTTGTCG-1,0.12889362675415525
CGATCGGTCCATATGG-1,0.0
TCTCTGGAGCTAGATA-1,0.0
TTACTGTCAAAGCTAA-1,0.0
GCCATTCTCGCAAGAG-1,0.0
GGGACAATCTAATTCC-1,0.13808107205847134
TTAATCCGTGAATTAG-1,0.18322597787270636
TATCTGTCAGATAAAC-1,0.2377085047380313
GGTAACTAGCATGCGA-1,0.0
ATTCTACAGTTGAATG-1,0.0
CTACCCAAGTAGCATA-1,0.09107556826288528
AGGTTGTTCTCTTGCG-1,0.0
GACATCAAGTGATGGC-1,0.0
GGGTGTCAGATTGAGT-1,0.0
ACTACGAAGTCACTCA-1,0.0
TGACGCGTCATCGCCT-1,0.0
GGGACCTTCGTGGCTG-1,0.11058518087913255
GACACGCAGCGTTACT-1,0.0
CCTTGTGCAACAAAGT-1,0.22102850503169202
CGTAAGTCAAAGCTCT-1,0.0
GTTACGAGTACTCGTA-1,0.37422643670315975
AGTTAGCGTGGTCTGC-1,0.0
GTTCCGTGTGTCTTCC-1,0.1485101773197386
TGATGGTTCACGAGGA-1,0.5701863470754128
AAAGTGAGTACTGCGC-1,0.1315536845552284
TCTGTCGTCCCAACTC-1,0.0
CGTGATATCACGTCCT-1,0.3305789104100232
TGTTACTGTACCGGAA-1,0.388774400119653
GTAGATCGTCAACGCC-1,0.03010456404674053
GACACGCCAGGCATGA-1,0.42464743700600666
CATGCTCAGGAGGGTG-1,0.0
CTCCCTCCATGGGAAC-1,0.37061024951168275
CCCAACTTCGGAGTAG-1,0.14896724446928308
TATGTTCAGTACTGTC-1,0.16117215669866056
ACCTACCTCAGCGGAA-1,0.13854853534093506
AGCGATTCACTACGGC-1,0.36849112865806255
AGTACCAGTAGGGAGG-1,0.054803329902915886
AAGCCATAGGATTCCT-1,0.0
GATAGCTGTCCGACGT-1,0.0
CTATCTATCAAAGCCT-1,0.7163929271862147
GAGTGTTGTCTAGGCC-1,0.0
GTCTAGAAGTCATTGC-1,0.3722913818172155
CGGGTCAGTAGCCAGA-1,0.0
CGCGTGAAGTGTCATC-1,0.23448909446394609
TTCATGTTCCACCTGT-1,0.12755214364691164
TCACTCGGTAGGTAGC-1,0.0
TCTCAGCCAAATGGCG-1,0.0
CCGTTCATCGAAGCCC-1,0.0
TCTTTGAAGGATATAC-1,0.3234603030584098
ACGTAGTGTATAGCTC-1,0.0
CATCAAGAGTAAGCAT-1,0.16959374660472806
TAAGCCAGTACCTATG-1,0.2920970075680502
GGGAGATTCCGTAGGC-1,0.0
TTCCACGTCCTGGTCT-1,0.3103097913449443
CAACGATTCGTAGCTA-1,0.22174385692811815
TCGTGGGGTTTCGTTT-1,0.0
ACCCTCAAGCGCAATG-1,0.13850416589224793
GGGTGTCAGAAGCTCG-1,0.0
GACTGATAGTATTAGG-1,0.0
GGATGTTCATAACCCA-1,0.7100300031130212
GAACGTTGTACAGAAT-1,0.0
TCGGGACAGCGACCCT-1,0.18403598270136654
GTGATGTAGCGACATG-1,0.0
GTGCACGGTGTTGCCG-1,0.4430470920233928
CTACTATAGCTTCATG-1,0.0
CTGAGCGAGGAGGGTG-1,0.537713299140228
GTTGTCCCAGGCCCTA-1,0.0
CGGAATTCACATTACG-1,0.7929339062066196
CCACACTGTCACTAGT-1,0.35436513261795505
AGACACTTCATACGGT-1,0.265498488624026
TCAGCAAGTGCATACT-1,0.5813475903212018
TCCTTCTCACTACCCT-1,0.4492008145475856
TTGGGTATCCGCGGAT-1,0.10846380478397799
GTTCGCTTCGAAGCCC-1,0.48203550803786
CTCCTTTCATTACGGT-1,0.45598647397820025
CTCCCAATCTTAGCTT-1,0.0
GCCGTGAGTTGCTAGT-1,0.0
CAACCTCCAATGCAAA-1,0.1521973957052612
CACACAAAGCTGCGAA-1,0.17119895120814102
TTCTTCCGTCCTCAGG-1,0.0
AGGTGTTTCATGCCAA-1,0.4628658968376729
TCCCAGTGTTCCGCGA-1,0.0
TGACTCCCAGTAGAGC-1,0.07594191038930453
GAGACTTAGAGGGTCT-1,0.10568085830335254
GTGGCGTAGTGCGCTC-1,0.0
GGGATGATCAACACGT-1,0.012334104954046313
CAACGGCAGAAACACT-1,0.0
AGCGCCACAAACACCT-1,0.10888132350626899
TGCGGGTAGGAAAGAC-1,0.15723321221000955
TAGGGTTTCACCTACC-1,0.2082074835329731
TATTTCGCATTCACAG-1,0.005865390813145059
GTAGTACTCCTTCTTC-1,0.225891925117049
ACCTACCCAAGTCCCG-1,0.29494530334115426
GATGGAGCAGACAAAT-1,0.10827472664315928
TCCGGGACATAGCACT-1,0.0
CAGCACGTCGAGTACT-1,0.47135317279212136
TGATGCACATTGCCTC-1,0.7522054310281335
CACGTTCGTATCCCTC-1,0.19287797499283543
ACAGAAACAAGCGCAA-1,0.1335245279531269
TCTGTCGTCTAGCCTC-1,0.10907230878242376
CGAGGAAAGGCTTTCA-1,0.0
TGGGTTATCCGTGGGT-1,0.0
AATGACCTCTCTGCCA-1,0.053233787143854815
AAGCATCAGTCTACCA-1,0.10755966398283999
GTCTACCGTCCCACGA-1,0.0
GACAGCCCAGACCTAT-1,0.03617364223962761
ATCTCTACAGTTAGGG-1,0.0007093390138595187
TCATGCCAGACGGATC-1,0.0
CATGCTCTCCATTCAT-1,0.6682955448477953
TCCTTCTAGGTCGAGT-1,0.11537347918009748
GCCATGGTCATCGCAA-1,0.11453588788565498
TTTGACTAGTAGTCAA-1,0.0
ATCCCTGAGTTGAAGT-1,0.0
ACCTGAATCCAACACA-1,0.6198649414683335
TTTCCTCCATGGGCAA-1,0.20015821784509402
TCCGATCCACGTTCGG-1,0.020939803845401853
AGCGATTTCACGTAGT-1,0.0
TCAGTGAAGCCGGAAT-1,0.2089762092347046
AGTGACTGTGGAGGTT-1,0.0
GAGATGGAGTTAACGA-1,0.016244773145716353
GTTAGACCAAATTGGA-1,0.5036608903476578
ATCCACCGTCTGTGTA-1,0.0
TCTGTCGAGGTGAGAA-1,0.0
CTAGACATCCTACTGC-1,0.1376691879251269
CGCGTGACAAGGGTCA-1,0.0
TTGAACGGTTCCCACT-1,0.0
AGGCCACAGAGCCCAA-1,0.012862772637188255
TATATCCAGGTTTGAA-1,0.0
CAGCGTGTCATCACTT-1,0.1014017708407941
GTCGTTCTCTCGACCT-1,0.04389458113766315
TTCATTGTCGCTTAAG-1,0.2713452811700401
TCGAAGTCAATGGGTG-1,0.1696064097480907
CTCCAACTCCTACCAC-1,0.14195886357164297
TCACGGGAGGAACGTC-1,0.0
TGACTCCCAGGCGAAT-1,0.09371042199092298
CAGCAATGTCTGCATA-1,0.0
ACTTTCAGTCCCTAAA-1,0.012462879001975916
GAGATGGAGACTCATC-1,0.0
CGTTCTGGTGGAGAAA-1,0.45902345808547734
CAACCTCCAGACACCC-1,0.0
AGTGCCGCACATAACC-1,0.02958092921118433
TTGGGTACATGTGTCA-1,0.0
GATTTCTCATGTTTGG-1,0.0
AATTCCTTCGATACAC-1,0.0
TTCGGTCGTCTAACGT-1,0.0
CGTGCTTTCCGCGAGT-1,0.02709582981392478
AGCCACGCACCGGAAA-1,0.14106202335137294
ACTGATGTCCATTCGC-1,0.0
TCATGGATCCTCACCA-1,0.5257242925930842
TTAGGGTCACCTCGTT-1,0.0
GTAACCAGTACCTAGT-1,0.0915362784053178
CCCATTGTCCCGAATA-1,0.23323526695951916
GAGTTTGGTGGCTACC-1,0.0
CCAAGCGGTCCCTGTT-1,0.0
TGAGGTTCAGACATCT-1,0.26373468347598444
TCCGTGTGTTGACTAC-1,0.019078758307586537
GACTGATTCCAACACA-1,0.476715865773169
TTTGTTGGTCCATCTC-1,0.6078195847042929
AGACTCAAGACGGATC-1,0.0
ACTTTGTAGTTTGCTG-1,0.0
GACCGTGCAATAGTAG-1,0.033017365649873835
ACCGTTCGTTTCCAAG-1,0.04847345673325389
TAACTTCCAATTCTTC-1,0.5623044330200025
AGAGAATGTCGCACGT-1,0.0
GCAGCTGAGTTGTACC-1,0.0
TACAGGTTCTACGGGC-1,0.4788090273736069
CGAGAAGCAAGAAACT-1,0.0
GAATCACAGTGCTACT-1,0.3168044473751988
TCATTACGTGAATTGA-1,0.0
AAGCCATTCTTTCTAG-1,0.0
GGGTAGAGTTAATCGC-1,0.0
GGTCACGAGGTGGCTA-1,0.0
CATTCCGGTCACCCTT-1,0.4469883045661905
CACCAAAGTTCCTAAG-1,0.0
GACCAATGTCATGGCC-1,0.06877404546439318
CACTGTCCATGCCGCA-1,0.08480940923696552
TGATGCAGTAATCAGA-1,0.0
AGGACGAGTAGAGACC-1,0.0
CTCCGATTCGCTAATG-1,0.26106395787973663
GTGGAGAGTATGAAGT-1,0.0
TCACGGGAGTGCCCGT-1,0.0
AACCTGAAGCGTATGG-1,0.0
CTCCTTTAGGCCCACT-1,0.0777626217174206
TCCCATGCATCCGTGG-1,0.0
TAACTTCCAATGCTCA-1,0.08755556084101701
CCGATGGTCTGCATAG-1,0.0
TGGGCGTTCGGTCAGC-1,0.0
AGACCATGTACGTGAG-1,0.08750328753831488
CCGGGTACAGCGATTT-1,0.2169610876535567
TGCGGCATCCAGCTCT-1,0.16878832863707635
GACAGCCAGGCGAACT-1,0.030030951103738327
TCTGTCGAGGAACGAA-1,0.0
ATTACCTGTAACCCGC-1,0.2895384841688567
GTGAGGAGTGAGGATC-1,0.11588975822272533
TAAGCACGTGTAACGG-1,0.0
GTCCCATAGTCATACC-1,0.0
TGAGTCAAGGTCTACT-1,0.25616490456361357
AGGTTACCATCGATAC-1,0.0
AGATGAATCGACTCCT-1,0.03208003350561391
ACGTACAGTCGGAAAC-1,0.40845050553214746
GTCTACCTCGAGCACC-1,0.0
AGACCCGGTCCCGGTA-1,0.2435573440636982
CCTCCAAAGATGTAGT-1,0.07796163437568517
GAGTCTAGTTGTAAAG-1,0.08391578417451943
TGTGTGACAACCCTCT-1,0.0
TCATCCGGTCGTCGGT-1,0.1287603482111807
AAGTGAATCAAACGTC-1,0.0
GAGTTACCAAGTTCGT-1,0.0
TCAGTCCGTACGACTT-1,0.0
GTGTGGCTCCGATCGG-1,0.0
AGCTACACAATCTCTT-1,0.21403108408790947
CGCCATTTCGAACTCA-1,0.0867143070124905
GCACGTGCATGAGTAA-1,0.46866146123981656
GCTGGGTAGAGGATGA-1,0.0
GTAATGCCAGTCGAGA-1,0.14711456032209164
CCGGTGAGTGACAGCA-1,0.0
TGATGGTTCAAGAAAC-1,0.0
GTGCAGCGTTCGAGCC-1,0.0
GGACGTCTCGTAGAGG-1,0.0
CCGATGGCAACGTTAC-1,0.07084411554179591
AATCGACTCGCATTAG-1,0.0
GTTGTAGGTGTCCCTT-1,0.0
TCTCTGGTCTGGACTA-1,0.059499498423525865
GGGACTCCAACACTAC-1,0.0
CATACCCGTCGAGCAA-1,0.0
TCTTGCGTCGTCGGGT-1,0.0
GAAATGAAGTCTGTAC-1,0.18558587404864066
TCCTCCCGTTGCCGAC-1,0.0
TTCGATTCAGTTCACA-1,0.3714489960282028
TTGGGATTCCATCCGT-1,0.6308078746089493
TCCTTCTTCATTTACC-1,0.45791717200506304
CATTGAGTCTATGTGG-1,0.24972836119834618
AACCAACTCGGACGTC-1,0.0
TTTCACAAGGTCGACA-1,0.15394566990610115
AATCACGTCTTACACT-1,0.01767980980349888
GGTGTCGTCCGCGAGT-1,0.0
CAATACGGTGTGAATA-1,0.10587198074366656
CCTCCTCCAGCACCCA-1,0.08564798163824693
ATTTCACCATCGTCCT-1,0.49668201737424367
ACGTCCTAGGAGACCT-1,0.5276960720520005
AGCCACGTCACTGAAC-1,0.0
ATCCATTCACGACGTC-1,0.14261028886234722
GCGTTTCTCAACGTGT-1,0.1357106379754316
CTGTACCAGAATTGTG-1,0.00022848912621625805
GTGGGAACAGAACTTC-1,0.0
GAATAGAAGCTATCTG-1,0.16520476877853482
ACTATGGAGTGCACAG-1,0.0
CAGATCACACTCTAGA-1,0.14648792973992686
GACATCAAGACGATAT-1,0.1402931277981312
GAGGCCTTCCGCAAAT-1,0.37505171895314177
GAGACTTAGTGCGTCC-1,0.4725484655849473
GTAGTACAGTCTGTAC-1,0.5788861972448013
TACGGGCAGTTGGAGC-1,1.0
AACGGGAAGTGCAACG-1,0.32287468505066524
TATTGGGCACTGCGAC-1,0.43289750196444104
TTCACGCAGAGCTGCA-1,0.06162382244358802
TTCGCTGAGGCATCTT-1,0.16472657560219123
CCACGAGAGACATCAA-1,0.0
CTGCCATAGACTTAAG-1,0.335107849846983
AATTTCCAGCCAGAGT-1,0.1580865351526555
TAGATCGCAACTCCCT-1,1.0
ACCTGTCTCGACATTG-1,0.0
TCCATGCAGGTTGACG-1,0.13777764109795024
TTCCGTGGTCTGTGGC-1,0.0
CTCAGTCCAAAGAGTT-1,0.0
GTAACACGTACAGCGA-1,0.46953910194464643
GAGACTTCAGGTCCCA-1,0.15503726866968603
CCTTGTGGTAGAGTTA-1,0.10625898705780129
AGGATAAAGTTCCTGA-1,0.0
AGGTCATTCTTCGCTG-1,0.12183186936934422
TCTGCCAAGCCTAGGA-1,0.0
GGTGTTAGTTGGGATG-1,0.41194448351937046
TGGAGAGGTACAGTCT-1,0.0
CTGAGGCTCATTCGGA-1,0.0
TTGTGTTAGGCACTCC-1,0.3074077977947212
TTGAGTGCAGGACGAT-1,0.08383358169888172
ATCGGCGTCGAGTGAG-1,0.0
TAATCTCTCAACACCA-1,0.0
GATCCCTAGCCAAGCA-1,0.1656384943930416
GTCACGGAGGCACGAT-1,0.0
CTCCGATTCGCATAGT-1,0.0
TGTGATGTCTAGTGTG-1,0.18874182676848353
CAGCAATGTTGTACGT-1,0.0
CGAGTGCTCAGGTAAA-1,0.0
TATTCCAAGACGGATC-1,0.0
TCATCCGCACGTACAT-1,0.2840510434923871
TGTTGAGGTACGTAGG-1,0.0
CCTTTGGGTCTCAGGC-1,0.1488098520458776
TTCTTGACAAGGTCAG-1,0.0
ATCGTCCGTAAGCTCT-1,0.07868437520473943
CATGCTCAGCGTGCCT-1,0.0
ATTCGTTAGAGCAACC-1,0.0376503749808526
ACGGTTATCTCTGAGA-1,0.08847503782296294
TCCATCGTCTCGTTTA-1,0.0015107205001056538
GCAGGCTGTCCTACAA-1,0.0
AGGGCCTCAACTTGGT-1,0.09078588672030276
CATACAGGTCGAGCTC-1,0.0
GATCGTATCAAGTGGG-1,0.26724055030693067
TTCGATTAGTATTAGG-1,0.0
AACAGGGAGTCCCGGT-1,0.0
AAAGGATTCTACTGCC-1,0.0
AGACAAATCCACGGAC-1,0.0
AACCTTTAGATGGTCG-1,0.08111173309705898
TGAGTCAAGAGTTCGG-1,0.0
TCATGAGCAGTCCGTG-1,0.14651693525746154
TGGAGGATCGCAATGT-1,0.0
CAGATTGGTCGAGATG-1,0.3587240891814322
TCACGCTGTAGAGTTA-1,0.3160225053802233
TCCTGCAAGGAGGCAG-1,0.0
TCATGAGTCGAACCAT-1,0.05506544523868173
GCAGTTACAGCGAGTA-1,0.0
CCTGTTGAGAAGTGTT-1,0.0
CCTTGTGCATCTAGAC-1,0.05986662214827912
ACGTAACAGTAATCCC-1,0.41631633212188895
TTCCACGCAACCGACC-1,0.0
ATAGGCTTCAGTCATG-1,0.5868715864442837
ATTGTTCAGACATAAC-1,0.0
CATGCGGGTGTTAAAG-1,0.0
GTTATGGGTCCAATCA-1,0.0598917357579165
ATCGTGATCGACCATA-1,0.0
TGTTCCGAGATCCCAT-1,0.0
AGGTGTTTCTTAGCAG-1,0.0
GAAGAATAGCATAGGC-1,0.1425447672551347
TCTACATCACAATGTC-1,0.1538803198669525
CTGTACCCACAGAGCA-1,0.037548851744903085
TCATCCGAGTAATACG-1,0.0
TACAGGTGTGACTATC-1,0.0
CATACAGTCGCATAGT-1,0.09665879892127878
CGTCCATAGAGGCGGA-1,0.0
CATGCGGCAGTAGTGG-1,0.1937943192279679
AGGTGTTGTAGGTCAG-1,0.0405451998200321
ATTACTCAGCAGTCTT-1,0.2466126864034569
ACGTAGTCAACCAATC-1,0.3254574700232433
TTCTAGTTCCCAGGCA-1,0.0
TCAGCAACATCCAACA-1,0.35244982954704823
ACTACGAGTGACGCCT-1,0.0
TCTACCGGTCCATACA-1,0.35511558669322635
TTGATGGTCTGCACCT-1,0.19552563728381886
GAGACCCTCAAGCCAT-1,0.0
TCGGTCTGTATGGAAT-1,0.24645836528447973
AGACTCATCACGGGAA-1,0.3171610769014393
GTCTAGATCTAGCCTC-1,0.07114651043607916
TCAATTCCATGATCTG-1,0.24890740057407915
AGGTCTATCTCGGGAC-1,0.1885555004644135
ACAGAAATCGGTATGT-1,0.0
GTACAACCACCAGCCA-1,0.0
GACCGTGAGAGAGCCT-1,0.034130060127786466
ACAAAGAAGAAGGATG-1,0.0
GAGACTTCAATTGCAC-1,0.11553966978819541
TAGGAGGTCCTCGATC-1,0.0
TCCCACATCCCGATCT-1,0.15235949033560167
TCTCACGTCGGCAGTC-1,0.0
CCCTTAGAGAACTCCT-1,0.0
CATCGCTCATGGCGCT-1,0.0
TCAGTCCCACCAGCGT-1,0.029357629893996318
TATCGCCTCCCGAATA-1,0.6311515669918162
TCAATCTGTGTCACAT-1,0.0
CGTAATGAGGCATCAG-1,0.0
TGTTGGATCTCTTAAC-1,0.2703952401368549
CAGGTATGTACGACAG-1,0.0
ATCGATGCACCCATAA-1,0.265043336816581
GCCAGCATCCGATTAG-1,0.0
GGTTCTCTCACCCATC-1,0.4169505039314061
GTACAACGTATGAAGT-1,0.0
GCAGGCTTCCACGTAA-1,0.0
TACTGCCTCCTTCAGC-1,0.0
CAAGAGGGTACGAAAT-1,0.167450389934334
CTCCATGGTTCCACGG-1,0.0
AGGGTTTAGCTTTGTG-1,0.27321557264736435
TGTTCCGTCGGCATAT-1,0.0
CATAAGCAGTTCGCAT-1,0.11380457548575908
CGTAATGAGAGGATCC-1,0.0
GAAGCGAAGAGTCGAC-1,0.0
ACCATTTGTATGAAGT-1,0.2923907110314119
ACTTATCGTTCGGTCG-1,0.0
GGTAATCCATCGGTTA-1,0.0
CCGAACGAGCGACATG-1,0.0
AAAGGGCTCTCTTAAC-1,0.06326601536788405
GGGTATTAGAGTGGCT-1,0.17734703456880133
CGGGCATGTAATACCC-1,0.0
GTGAGTTCAGCTATAC-1,0.019633841683337757
CCGGGTAGTACGCTAT-1,0.07038183868171805
CCGGGTAGTGCAGGAT-1,0.0
CCTATCGTCTTACCAT-1,0.30249146326379706
TACCTCGGTAGCGCCT-1,0.0
AATGGAACAGTAGTGG-1,0.11634281444207872
CATTCCGGTGTAACGG-1,0.06450752980230222
GGCTGTGAGCACGTCC-1,0.0
CAGTTCCGTAATGATG-1,0.0
TTCTGTACACTGAGTT-1,0.17134358085456713
CACGTTCTCTACCCAC-1,0.36378193747529924
TCATCATAGTTTGTCG-1,0.0
AGCTCAAAGCGACTTT-1,0.36301078946071175
ACTTTCACAAGACGAC-1,0.1897071399898462
GCATCTCAGTCAATCC-1,0.20477200642596372
TGAGACTCAGAGTCTT-1,0.10516331441585802
GACCTTCGTTAAGACA-1,0.0953790905797647
GAGATGGGTACGTGTT-1,0.0
ATCTTCAAGCGTATGG-1,0.06223058487393853
CTGCAGGAGATCCGAG-1,0.0667210796013649
TTTACTGCACAGTATC-1,0.7029435302739259
TTCCGTGTCTTGGTGA-1,0.0
ATGAGGGAGAAGCCAC-1,0.0
TGAGGAGCACGTAGAG-1,0.0
CCGTAGGCAAGTCCAT-1,0.20111301204323448
GTCCTCATCCTACAAG-1,0.0
GTCATCCGTAACGCGA-1,0.2606101389020591
TCCGAAACAATTGCAC-1,0.21902194085248083
CGCGTGATCTCCCTAG-1,0.1967584626522522
TGTGAGTCAACGCCCA-1,0.1430617875049698
GCTACCTAGGTGAGAA-1,0.07677983328749079
TCGCACTTCAACTGGT-1,0.16269050056561207
TAGTGCACACGGATCC-1,0.1560605551464435
AATCGACTCATTACTC-1,0.51419821000899
TTCCTCTAGGTCCTGC-1,0.30397524160138595
GATGATCAGAGTTGAT-1,0.06774607213364851
GGGACCTGTCGCAACC-1,0.08854820242915983
CATCCGTCAGTCGCAC-1,0.1610095760680509
ATCCCTGGTCGGATTT-1,0.0
TGAGACTAGTCCTGCG-1,0.09876051934950146
AATGACCAGGGACTGT-1,0.7821585246699693
AATGGCTGTATGGGAC-1,0.4499139269980754
CCACGTTAGTCTACCA-1,0.2507680245742704
ACTTTGTTCTGGGATT-1,0.0
ACTTTCAAGTCAGCCC-1,0.06292003704527632
GATGGAGTCGCTGTTC-1,0.16586713235495834
ACAGAAAAGTCACACT-1,0.0
TCAGCCTGTCGTTATG-1,0.0
GGTGTTAGTACCCGAC-1,0.39493342277899685
ACTATCTTCATTGTGG-1,0.0531318079191829
TTTGATCGTCAGACGA-1,0.0
TGTTCCGCAGCGGTCT-1,0.0
TGTGTGAAGAATCCCT-1,0.0
ATTCCTACAGCCATTA-1,0.0
GGGATCCGTCAACGCC-1,0.022982585635380276
AAGCATCTCCGCACTT-1,0.23836470045976876
GTGCACGCACTCGATA-1,0.0
TCTCCGAGTAGACACG-1,0.10334619945465763
ACACTGAAGTGCTACT-1,0.1679419029768071
AGGTCTAAGTTACGGG-1,0.4102243395640834
TCGAACATCGGTAAGG-1,0.0
AGGGCTCGTCTTCATT-1,0.0
AATTTCCAGGGCAATC-1,0.0
TGCATCCCACTCTCGT-1,0.44943196690822823
ACACAGTAGCGCAATG-1,0.0
CGTGAATTCTTCCCAG-1,0.0
ACGCACGGTGTGGTCC-1,0.0
AATGGCTTCCCAAGTA-1,0.0
AGCGTCGTCATTACGG-1,0.0
AAGATAGGTATGAGAT-1,0.0
TCTTAGTCACAGCTTA-1,0.11548138627138459
CCCTTAGAGAAATTCG-1,0.3082059873135129
GTTAGTGTCGCGTCGA-1,0.0
TCCTTCTCACTTGTGA-1,0.0
ACGGTCGTCTGCGAGC-1,0.0
CTAACCCTCAGACTGT-1,0.3708428822810794
AGCCACGCACATCATG-1,0.005148844905096285
GTGATGTGTCACCCTT-1,0.0
AGAAATGCAGTAGTTC-1,0.0
CCTCTAGAGCTAAACA-1,0.0
CCCAACTCAGTTTCGA-1,0.0
AGTAACCTCCTCAGGG-1,0.09401300241433369
AACAAGAAGACTAGAT-1,0.37150859654495944
GCACATACACTACAGT-1,0.3477094813202026
CCAAGCGCACATCATG-1,0.0
GAGACCCGTTGATCGT-1,0.0
GGAACCCAGTCGCCAC-1,0.0
AAAGGATGTTTCTATC-1,0.0
CTGCTCAAGACGGATC-1,0.0
CCACTTGAGCTGAGCA-1,0.0
GAGAGGTCAAGAATGT-1,0.5078111627010228
ATAGAGACACAAACGG-1,0.0
GGGCGTTGTCTAACGT-1,0.44426866796328884
CATACAGGTCTAGGCC-1,0.03200226578832583
AGATGCTGTATCTCTT-1,0.0
CCATCACTCCCAGGAC-1,0.0
AGGATAAAGCGCGTTC-1,0.0
GGTGTCGCATACAGGG-1,0.0
CTCTGGTCAGACGCTC-1,0.0
GAACGTTCAGGTTTAC-1,0.6521828703813505
TCAAGCATCAAACCCA-1,0.0033085104263696256
GACATCAGTCAATCTG-1,0.02981447227419075
TACCCGTGTTATCTGG-1,0.0
CTAGGTAAGAACTCCT-1,0.0
TGTGTGAAGAATGTTG-1,0.0
GGTGAAGGTGTCTCCT-1,0.12602870100268296
CCTTTGGGTGGCGTAA-1,0.0
GTTGAACTCTCCCATG-1,0.0
CCTCAGTCAGTGTACT-1,0.0652472421406975
CCGTTCACAGCCCAGT-1,0.48736714936947334
TTTCAGTCAGGACGAT-1,0.0
ATCATTCCAGATTTCG-1,0.5276171482551651
GTCGTTCCAGCTTCCT-1,0.0
TAATTCCCATAGGCGA-1,0.0
AGACTCAAGGATGCGT-1,0.09511439130427106
CCACGTTAGCCGGATA-1,0.0
GAACTGTGTTGGGAAC-1,0.09339049322074063
AAGCATCGTACGTACT-1,0.0
CCTCAACGTGACTAAA-1,0.0
AACACACAGCGCCTAC-1,0.0
CTAAGTGGTAGGAGGG-1,0.0
GTCTACCGTCGCCACA-1,0.4358398285947614
GTTGTCCGTGATGGCA-1,0.26401924238037794
CTGCATCAGCATATGA-1,0.0
CAGTTCCGTTGTTGCA-1,0.47591906572617954
GTGCGTGGTCACGACC-1,0.0
TCACACCCACCTGATA-1,0.4140780993770567
GGGATCCCAAATGGAT-1,0.10891482084767456
TCGATTTCACCATAAC-1,0.0
CGCATAATCAACCCGG-1,0.23769997518444372
CAGCACGTCGTTCAGA-1,0.0
TCGATTTTCCATGATG-1,0.044679818536161896
AGCTTCCAGCCTAACT-1,0.055288913709495624
GGGTCACGTCGGTGTC-1,0.0
TCAGGGCAGTTGGAAT-1,0.0
CCCTTAGTCACATACG-1,0.053011903450080645
TGAGTCACATCCGATA-1,0.4286773301302013
CGGAATTTCAGTGCGC-1,0.0
CTTCCGATCATAGACC-1,0.2873806653571172
GACGTTAAGGGCTAAC-1,0.0
GATCCCTTCAGGGATG-1,0.1368469793018989
GGTTGTATCGTGTCAA-1,0.09821225697143465
AGGCATTCATGGGTTT-1,0.06990510441559727
TCGCAGGAGGCCTGCT-1,0.0682861807974741
AGTAACCAGTAACGAT-1,0.0
TTGCATTTCGATACGT-1,0.4218613007067316
TGTTCATCAACCAACT-1,0.0
AAGCGTTTCCGCCTAT-1,0.3005650060103487
ACGGAAGAGGCAGTCA-1,0.0
GTTAGTGTCTTAGCAG-1,0.2772698417349702
CCGATGGAGCTTGTGT-1,0.0
GTCTACCGTCTGCGCA-1,0.0
TCACTCGAGTTACTCG-1,0.0
ACTGATGGTCCTGTCT-1,0.14458163238508231
TCCACGTCAAGCCTGC-1,0.25515658917525413
GCTGGGTAGCCGTAAG-1,0.0
TGCGACGCAAATGCTC-1,0.0
ATCGCCTAGTCATACC-1,0.006024186496408799
GTCACGGCATCCGGCA-1,0.0
CGAGTTATCTGCGATA-1,0.0
GACCCTTGTCTTCTAT-1,0.8435143827923023
GTCATTTAGCATCAAA-1,0.5521240153274485
CCGAACGCAAGGATGC-1,0.0
GTCTGTCGTGATCATC-1,0.06606326965315779
CCACGTTCAGAACCGA-1,0.22019669445005088
AGGTCATTCATGCGGC-1,0.32175012375571493
TTGGGCGAGGTTCTAC-1,0.028509753292492373
TACGGGCAGTGGCCTC-1,0.11139366273992918
TCCTCCCGTCTGCGCA-1,0.0
ATAGGCTCATGGCCCA-1,0.08387356831921085
CTCAACCGTGGCGTAA-1,0.2284480090354308
AAAGTCCTCGTACCTC-1,0.0
TCGCTTGCAGGTGTTT-1,0.0
AGTCTCCGTCCACAGC-1,0.0
ACTATCTCACAAACGG-1,0.0
TCTGGCTTCTGTCGTC-1,0.3445960569687017
TTTACGTGTAAGGCCA-1,0.0
GCATTAGCAGCTCTGG-1,0.0
TGAATCGCAAGACCTT-1,0.0
GCGTGCAAGAATTGCA-1,0.01645680336581733
GAATCGTAGTTGGACG-1,0.33586633717776887
AGTGTTGAGTGGCGAT-1,0.022155154583375095
TGCATGATCCTATTGT-1,0.0
GCAACATTCCTTTAGT-1,0.63757486214503
AAAGAACAGTAGTCCT-1,0.0
CTGAGGCAGACAGCTG-1,0.013178770853234817
GCCCGAAGTGAATTGA-1,0.19719175797280256
CGGGTGTGTTGTAGCT-1,0.0
TCAGCCTTCTTACGGA-1,0.34543472436370837
GCTCAAATCATTGCTT-1,0.27724957967001895
GGTGTTAGTGGTCTTA-1,0.01774075910608669
ACATTTCCATGCACTA-1,0.4709883067462805
CCTACGTCATGATCTG-1,0.0
TCATCCGCAGAACTCT-1,0.19694666827355967
TTGCATTCAGAGCGTA-1,0.0
GGTTGTAAGCTCAGAG-1,0.0
CATTGTTTCGCGGACT-1,0.0
CACGGGTAGGTTGGTG-1,0.0
GAGGGTATCGGATAAA-1,0.030981144946437746
AACGTCACACTTGAAC-1,0.37747816676243656
ACTATTCGTGTGTTTG-1,0.0
ACTTTCATCCTATGGA-1,0.8935575703641274
GTCTACCCAGATCACT-1,0.2690584975406461
TGCAGGCCATAATCGC-1,0.2813823920399487
ACTCCCAAGAATCGAT-1,0.25292750787695656
TGCTGAAGTAAGCTCT-1,0.0
TTATTGCAGCTAATCC-1,0.20863235882131337
GGGACAACATCCCACT-1,0.17001035345750604
CATCGGGAGGGTACGT-1,0.14629678704573565
TTCTAACCACAACGCC-1,0.09743735266677472
CACGTGGTCACATCAG-1,0.0
TAACACGAGTATTGCC-1,0.23101745753972933
GCCAGGTAGTATGAGT-1,0.0
GGGTGTCCATCGTCCT-1,0.6230268420385644
GAGAAATTCCAAATGC-1,0.09087589597875644
ATGGAGGCAGTCGAGA-1,0.0
GCGGAAATCATGACAC-1,0.0
ACCATTTAGATGTTCC-1,0.3553573770292244
GTACAGTAGTCTGGTT-1,0.0
TCATTACAGGATACAT-1,0.0003627084217368663
CTCAACCGTTGTCAGT-1,0.3566929236932536
ACGTCCTCACCAGCTG-1,0.0
GTGCTTCCAGCGTATT-1,0.0
GAGTTACCACCTCTGT-1,0.025853497775669605
GAGTCTATCGTACCTC-1,0.0
ATGGTTGGTATGAGGC-1,0.14876497572176842
TTCATGTTCCACAGGC-1,0.31186108721353706
ACGATGTCAGAGATTA-1,0.5697348217608583
CCTACGTTCTCATGGA-1,0.0688259968505469
TTGAACGTCTAGTGTG-1,0.0
GAGGCAAAGGGAGAAT-1,0.2880736769622019
GAACTGTGTAATACCC-1,0.0
TTGGGTAGTCCGATCG-1,0.0
GATGCTAGTGCTCTTC-1,0.0
CTGGCAGTCCTTATAC-1,0.0
CCGATGGTCAATCTTC-1,0.0
ACGATGTAGAACTCCT-1,0.0
ATACTTCTCGCCTATC-1,0.41998415522362337
TCAGCAACATCTGCGG-1,0.0
CTGTAGAGTTGTAAAG-1,0.0
GCATTAGGTTTAGTCG-1,0.0
TGTGTGACAGAGCTAG-1,0.1420958353097671
ACAAGCTCATCCTATT-1,0.04477410993100411
CCTTTGGGTAGTATAG-1,0.0
GATCAGTGTCTGATAC-1,0.0
TCAAGTGGTTGCAAGG-1,0.0
TGAGGTTTCGCCAACG-1,0.005658936787109034
ACGCACGGTTTAGACC-1,0.0
CAATTTCGTCTTGAAC-1,0.0
TTCTTGAGTAGTTACC-1,0.0
ATAGACCGTAGTCACT-1,0.0
GAGAGGTCAATCTGCA-1,0.09278526265045384
AACCCAACAGGATCTT-1,0.1355934264383223
CTCAGGGGTGTCCCTT-1,0.0
GTTGTCCCAGTCAACT-1,0.3757381951631069
ACGTACATCGCGTCGA-1,0.0
TCATACTCATGACTAC-1,0.28660466193705614
TCTCCGATCCCTCAAC-1,0.49589260381518624
CTTGAGACAGAGCTAG-1,0.0
AATTTCCGTCTCGCGA-1,0.12944419518241473
GAGTTACCAAACCACT-1,0.43713396140725197
GAATAGACAAACACCT-1,0.269389792584181
CGCAGGTCACTGGACC-1,0.0
ACAGAAATCGTGGGAA-1,0.0
TCAGCAAAGCACGGAT-1,0.0
GAGGCCTGTACTGGGA-1,0.0
CACACAACACATAGCT-1,0.0
CCATCACAGGAACGTC-1,0.33929637108268973
GAATCGTCAGCACACC-1,0.31972538485514695
TCGCTCACAGGTATGG-1,0.24962336758882828
GGGAAGTAGTAAATGC-1,0.0
ACATGCAAGTGTTCAC-1,0.0
TTAGGGTCATAAGCAA-1,0.0
CAAGGGACACCGGTCA-1,0.17176485637965458
ACAGAAATCTTTGATC-1,0.036666991163742224
ATTCCCGTCTAGGAAA-1,0.0
TGCAGTATCCATAGGT-1,0.26288315940269175
CTCAGGGCAGGCGAAT-1,0.0
